Target,Feature_MAPE,Feature_MAE,Feature_RMSE,NoFeature_MAPE,NoFeature_MAE,NoFeature_RMSE,Improvement_MAPE_Pct,Improvement_MAE_Pct,Improvement_RMSE_Pct
High,0.7923552830158267,32.54131287354701,42.64939828401391,0.9359699703529228,38.527795214220966,50.195638743096296,15.343941780839815,15.538087002871872,15.033657600622252
Low,0.8865409958725812,35.96188079378323,46.93198142988287,1.1093130441986498,44.93479616991202,58.40575307013778,20.081982222339743,19.96874614096276,19.644933995588396
